0,Sam,https://preview.redd.it/d9wjyyik8au11.png?auto=webp&s=2e4430a166df8a6710b488d59d9c2cd58c1da7b1
1,Sally,https://img.icons8.com/cotton/2x/user.png
2,Shannon,https://static2.scirra.net/avatars/256/b1050c3d6b0a744a08a804e8696ce3bf.png
3,Sean,https://prod-profile.pscp.tv/1JRKmYPPrerKP/dcabf4998bcb6219e2f192f84749d268-256.jpg
4,Steve,https://secure.gravatar.com/avatar/f70ce1c57b96ddca13763f76016a61db?s=96&d=wavatar&r=g
5,Seth,https://static.intercomassets.com/avatars/1143992/square_128/Tiffany-1491608799.jpg?1491608799
6,Simon,https://static.intercomassets.com/avatars/1087832/square_128/pro_208xx-1539972733.jpg?1539972733
7,Scott,https://encrypted-tbn0.gstatic.com/images?q=tbn:ANd9GcTFYnmPHppmMgxDbp9DGiwtXwTVZwXNwLtGlXANrXDFxUTSZaLl
8,Guy,https://encrypted-tbn0.gstatic.com/images?q=tbn:ANd9GcQSDyNyBOdrdVe2CwE-QFx7_dgPIN7m4RUbsVKo7VUR8H5Q7RWxew
9,Gary,https://encrypted-tbn0.gstatic.com/images?q=tbn:ANd9GcSy-LNs1-iqACOYfgma2g2bOcaguSNflUlheSf3r6t10JCYpRDHpQ
10,Gail,https://encrypted-tbn0.gstatic.com/images?q=tbn:ANd9GcSlsJ5QnZATX7Efpet6Vu3lbUw3CssUY2HzBvp7Yy0oUCW_962eOg  
11,Gabe,https://static1.squarespace.com/static/53d14d5ce4b0d5933c1dffa3/t/5b9a03ce0e2e72572882b1d3/1406225914691/jho-low-profile.png
12,Gavin,http://mavericklaw.ca/images/Holly_BW_SQ256.jpeg
13,George,https://cdn.pcpartpicker.com/static/forever/images/user/2359757.0cc1a07328df4f34eb33437c14af2104.256c.jpg
14,Grant,https://encrypted-tbn0.gstatic.com/images?q=tbn:ANd9GcRZ63s8GdHgGdg-OjHpZaqr7tRKrmuRMYUVMn_3KGqMM02-t_zOmA
